P-'.',R-'.',P-'t',R-'t',P-'i',R-'i',P-'e',R-'e',P-'5',R-'5',P-'R',R-'R',P-'o',R-'o',P-'a',R-'a',P-'n',R-'n',P-'l',R-'l',P-Key.enter,R-Key.enter,subject
1622727754.139783,1622727754.25881,1622727754.4488533,1622727754.539874,1622727754.7089126,1622727754.8139365,1622727754.9549687,1622727755.0389872,1622727755.4260762,1622727755.510095,1622727756.0732229,1622727756.1492393,1622727756.5650108,1622727756.6630313,1622727756.8181815,1622727756.9578483,1622727757.0639336,1622727757.1549556,1622727757.3590949,1622727757.450076,1622727757.7949615,1622727757.8930974,IVAN
1622727759.4962094,1622727759.593985,1622727759.642842,1622727759.7349322,1622727759.8680067,1622727759.9741874,1622727760.0510428,1622727760.1640887,1622727760.3040473,1622727760.3881607,1622727760.8101528,1622727760.8738708,1622727761.2811823,1622727761.3593411,1622727761.414881,1622727761.5761974,1622727761.8081439,1622727761.8932323,1622727762.0115643,1622727762.1178727,1622727762.3292475,1622727762.4481041,IVAN
1622727763.7132065,1622727763.784197,1622727763.9521625,1622727764.0152843,1622727764.1351757,1622727764.2261317,1622727764.3111682,1622727764.4090571,1622727764.6062412,1622727764.6970809,1622727765.097891,1622727765.1678512,1622727765.5833676,1622727765.67406,1622727765.7308934,1622727765.87806,1622727765.9060597,1622727766.0052388,1622727766.2294362,1622727766.3000906,1622727767.1721556,1622727767.2490737,IVAN
1622727768.380883,1622727768.478985,1622727768.556096,1622727768.6551337,1622727768.7810998,1622727768.879921,1622727768.964113,1622727769.0481925,1622727769.2309716,1622727769.3232129,1622727769.751141,1622727769.8219833,1622727770.2290738,1622727770.3069825,1622727770.37018,1622727770.4959924,1622727770.5458863,1622727770.6370199,1622727771.1361446,1622727771.1989827,1622727771.3891852,1622727771.487972,IVAN
1622727772.6892323,1622727772.795055,1622727772.9360929,1622727773.034073,1622727773.1598907,1622727773.266085,1622727773.3080664,1622727773.405888,1622727773.62416,1622727773.7091894,1622727773.9760227,1622727774.0528805,1622727774.4331746,1622727774.516893,1622727774.6073864,1622727774.7282243,1622727774.784069,1622727774.8830726,1622727775.0440776,1622727775.1149092,1622727775.3108938,1622727775.4239469,IVAN
1622727776.709897,1622727776.8091056,1622727776.9071972,1622727777.0048938,1622727777.0761564,1622727777.1742425,1622727777.237219,1622727777.329249,1622727777.5188458,1622727777.6030843,1622727777.9682071,1622727778.0322485,1622727778.41807,1622727778.5030563,1622727778.6011097,1622727778.7421112,1622727778.7631683,1622727778.8544097,1622727779.0575838,1622727779.1490805,1622727779.5011895,1622727779.5983558,IVAN
1622727780.7100694,1622727780.808198,1622727780.907023,1622727780.9840853,1622727781.0678773,1622727781.1668959,1622727781.2302825,1622727781.3212578,1622727781.5249197,1622727781.6029015,1622727781.9891694,1622727782.0589955,1622727782.453094,1622727782.5301137,1622727782.629002,1622727782.755267,1622727782.8541234,1622727782.9379075,1622727783.148907,1622727783.2332356,1622727783.6619108,1622727783.7461154,IVAN
1622727784.660243,1622727784.7521405,1622727784.8359096,1622727784.9271607,1622727784.9903367,1622727785.0750601,1622727785.123884,1622727785.2300649,1622727785.4051917,1622727785.4832478,1622727785.7712872,1622727785.848175,1622727786.2280283,1622727786.312265,1622727786.4180782,1622727786.5370967,1622727786.5719128,1622727786.6572099,1622727786.8322558,1622727786.917238,1622727787.156077,1622727787.2609084,IVAN
1622727788.1534207,1622727788.252235,1622727788.3080938,1622727788.3933544,1622727788.45622,1622727788.5471036,1622727788.604021,1622727788.6882558,1622727788.9133213,1622727788.9830577,1622727789.2919114,1622727789.3630922,1622727789.776972,1622727789.8552883,1622727789.98835,1622727790.1010764,1622727790.1430411,1622727790.2199373,1622727790.4310713,1622727790.5150943,1622727790.6772473,1622727790.7833295,IVAN
1622727791.8720105,1622727791.964112,1622727792.103922,1622727792.1811516,1622727792.2799022,1622727792.3568964,1622727792.4350908,1622727792.519105,1622727792.7020283,1622727792.7862453,1622727793.032213,1622727793.1022801,1622727793.4962156,1622727793.5872412,1622727793.7561214,1622727793.8609216,1622727793.925212,1622727794.0090835,1622727794.2061713,1622727794.2761059,1622727794.5712657,1622727794.649145,IVAN
1622727806.0067854,1622727806.1061735,1622727806.2391667,1622727806.324173,1622727806.422254,1622727806.5212142,1622727806.5911596,1622727806.6751661,1622727806.9492362,1622727807.0270803,1622727807.399103,1622727807.4617627,1622727807.8911002,1622727807.9691072,1622727808.0460699,1622727808.1651335,1622727808.242945,1622727808.3129487,1622727808.5521393,1622727808.6429226,1622727809.0721054,1622727809.1699498,IVAN
1622727810.063243,1622727810.1483939,1622727810.4223058,1622727810.4992127,1622727810.6329901,1622727810.7310236,1622727810.8432324,1622727810.9281101,1622727811.1181312,1622727811.2019541,1622727811.5322776,1622727811.596283,1622727812.01708,1622727812.0951443,1622727812.1790888,1622727812.2984438,1622727812.376218,1622727812.4601114,1622727812.656668,1622727812.7410963,1622727812.903109,1622727812.9942176,IVAN
1622727813.7823205,1622727813.880455,1622727814.0133302,1622727814.098136,1622727814.2312484,1622727814.3229458,1622727814.3929584,1622727814.4704778,1622727814.6810915,1622727814.7662303,1622727815.1522882,1622727815.2231839,1622727815.580957,1622727815.6651542,1622727815.7712092,1622727815.8902853,1622727815.9471042,1622727816.0381575,1622727816.2212582,1622727816.305165,1622727816.7342718,1622727816.83927,IVAN
1622727817.338166,1622727817.4369638,1622727817.4651756,1622727817.55631,1622727817.6270237,1622727817.7174532,1622727817.8371668,1622727817.9152133,1622727818.083254,1622727818.1612015,1622727818.4906757,1622727818.5612123,1622727818.933966,1622727819.018221,1622727819.1029534,1622727819.2150462,1622727819.2782557,1622727819.3699672,1622727819.5451934,1622727819.6300435,1622727819.8199828,1622727819.9320676,IVAN
1622727820.4312727,1622727820.5373237,1622727820.6069686,1622727820.698163,1622727820.796967,1622727820.888292,1622727820.9227135,1622727821.0222478,1622727821.2539697,1622727821.3313925,1622727821.6191032,1622727821.6752481,1622727822.0621624,1622727822.1463003,1622727822.5822656,1622727822.7089686,1622727822.758218,1622727822.8489668,1622727823.004114,1622727823.0882862,1622727823.2501109,1622727823.3693514,IVAN
1622727823.7839744,1622727823.8752937,1622727824.016281,1622727824.086183,1622727824.2552795,1622727824.3464515,1622727824.4243615,1622727824.5219755,1622727824.7051618,1622727824.7961867,1622727825.2882748,1622727825.351973,1622727825.6893237,1622727825.759166,1622727825.8220973,1622727825.9353187,1622727825.9632766,1622727826.0404298,1622727826.2299783,1622727826.2929792,1622727826.5043285,1622727826.6311884,IVAN
1622727827.0532227,1622727827.1440594,1622727827.1860542,1622727827.2629797,1622727827.369077,1622727827.452977,1622727827.4812016,1622727827.5870883,1622727827.7769728,1622727827.8470783,1622727828.1490748,1622727828.2054913,1622727828.522069,1622727828.6061933,1622727828.7034233,1622727828.8102539,1622727828.8239822,1622727828.9220796,1622727829.098166,1622727829.1820793,1622727829.3583996,1622727829.4431574,IVAN
1622727830.1521924,1622727830.2511659,1622727830.9747398,1622727831.0662553,1622727831.2070603,1622727831.284146,1622727831.4322171,1622727831.516049,1622727832.0922215,1622727832.1699429,1622727832.5492022,1622727832.6134975,1622727832.9851687,1622727833.063277,1622727833.1401129,1622727833.2592266,1622727833.2941613,1622727833.386302,1622727833.5899868,1622727833.6742313,1622727833.8710706,1622727833.9902885,IVAN
1622727834.644012,1622727834.7350123,1622727834.9109888,1622727834.9812822,1622727835.100433,1622727835.1923985,1622727835.2352903,1622727835.3402822,1622727835.544159,1622727835.614259,1622727835.894994,1622727835.9591138,1622727836.2962556,1622727836.387327,1622727836.5069916,1622727836.6193151,1622727836.647088,1622727836.7317998,1622727836.8932874,1622727836.9783297,1622727837.139297,1622727837.2450063,IVAN
1622727837.84942,1622727837.94821,1622727837.9969974,1622727838.0813324,1622727838.1592817,1622727838.2504125,1622727838.4193535,1622727838.517339,1622727838.6719985,1622727838.7633486,1622727839.0582974,1622727839.1222043,1622727839.4941308,1622727839.5861783,1622727839.6490102,1622727839.7684255,1622727839.7822661,1622727839.8671973,1622727840.0499454,1622727840.1410732,1622727840.2672806,1622727840.3874567,IVAN
1622728044.5513344,1622728044.6635153,1622728044.7205582,1622728044.8116076,1622728044.938588,1622728045.0365667,1622728045.134339,1622728045.2194889,1622728045.402336,1622728045.4863393,1622728045.8444526,1622728045.9085705,1622728046.273687,1622728046.357646,1622728046.4494786,1622728046.575338,1622728046.6467052,1622728046.7306721,1622728046.9132679,1622728047.0042884,1622728047.2083435,1622728047.3423648,IVAN
1622728047.8696864,1622728047.98165,1622728048.0164824,1622728048.1014981,1622728048.1783407,1622728048.2836537,1622728048.3547103,1622728048.4385486,1622728048.5936031,1622728048.6771321,1622728048.9374933,1622728049.0085385,1622728049.394346,1622728049.4576795,1622728049.549646,1622728049.675673,1622728049.739705,1622728049.8303468,1622728049.9567618,1622728050.048664,1622728050.1955898,1622728050.3226466,IVAN
1622728057.8227253,1622728057.9337506,1622728057.969759,1622728058.0607796,1622728058.250823,1622728058.3418431,1622728058.432864,1622728058.510882,1622728058.7289312,1622728058.798947,1622728059.0450027,1622728059.1290216,1622728059.5441163,1622728059.635137,1622728059.6851482,1622728059.8391833,1622728059.8531864,1622728059.9452076,1622728060.099242,1622728060.191263,1622728060.3032885,1622728060.4013107,IVAN
1622728061.336523,1622728061.4425468,1622728061.5615747,1622728061.6535952,1622728061.758358,1622728061.8503406,1622728061.9483407,1622728062.0256927,1622728062.2016764,1622728062.2787118,1622728062.5952694,1622728062.6655433,1622728063.0736847,1622728063.157697,1622728063.2068217,1622728063.36156,1622728063.3965285,1622728063.4805434,1622728063.6706557,1622728063.7545316,1622728063.97965,1622728064.0996592,IVAN
1622728064.8657193,1622728064.9706943,1622728065.0696564,1622728065.1535401,1622728065.2875845,1622728065.3717027,1622728065.3926454,1622728065.5056946,1622728065.7026906,1622728065.7795632,1622728065.9695346,1622728066.046431,1622728066.404805,1622728066.4897618,1622728066.5385723,1622728066.6795266,1622728066.7145245,1622728066.8055022,1622728066.9393752,1622728067.037375,1622728067.1854904,1622728067.2906857,IVAN
1622728068.084814,1622728068.169377,1622728068.4997673,1622728068.5976872,1622728068.7526264,1622728068.8226275,1622728068.907378,1622728069.0057044,1622728069.230414,1622728069.3075073,1622728069.5393791,1622728069.6107156,1622728069.9963803,1622728070.0955596,1622728070.1097913,1622728070.2634182,1622728070.3063772,1622728070.4117107,1622728070.573381,1622728070.6577823,1622728070.861673,1622728070.9737685,IVAN
1622728071.3395386,1622728071.4366913,1622728071.5715425,1622728071.6768,1622728071.7967331,1622728071.8806918,1622728071.9296322,1622728072.0286312,1622728072.2465584,1622728072.3238008,1622728072.5275028,1622728072.5977366,1622728073.0057178,1622728073.0897472,1622728073.1746683,1622728073.3148735,1622728073.420539,1622728073.5037286,1622728073.7156625,1622728073.7916975,1622728073.9757116,1622728074.0806825,IVAN
1622728074.5517325,1622728074.657379,1622728074.6923876,1622728074.78383,1622728074.8533883,1622728074.9385903,1622728075.0226707,1622728075.12171,1622728075.3106923,1622728075.3813891,1622728075.613583,1622728075.6835728,1622728076.0776913,1622728076.1687114,1622728076.2595377,1622728076.4005601,1622728076.4917305,1622728076.5765622,1622728076.7582302,1622728076.8363857,1622728077.0757198,1622728077.1873884,IVAN
1622728081.1947374,1622728081.2994142,1622728081.5317228,1622728081.6445193,1622728081.7497692,1622728081.855396,1622728081.856041,1622728081.953583,1622728082.1785805,1622728082.2627845,1622728082.4456806,1622728082.5086195,1622728082.8674638,1622728082.9442317,1622728083.0075583,1622728083.1487153,1622728083.1764886,1622728083.2817295,1622728083.9218402,1622728083.9988475,1622728084.104587,1622728084.209567,IVAN
1622728085.025623,1622728085.1376615,1622728085.1934164,1622728085.2855363,1622728085.4047718,1622728085.5033872,1622728085.5243893,1622728085.615556,1622728085.7566729,1622728085.8334062,1622728086.023397,1622728086.0936117,1622728086.5367455,1622728086.6277912,1622728086.6846852,1622728086.817408,1622728086.831334,1622728086.9305818,1622728087.0497777,1622728087.1405811,1622728087.2886984,1622728087.4012241,IVAN
1622728094.465735,1622728094.5633943,1622728094.662541,1622728094.7394154,1622728094.8737304,1622728094.9573946,1622728095.189719,1622728095.2945604,1622728095.5334406,1622728095.611433,1622728095.8366883,1622728095.9137325,1622728096.3354235,1622728096.4265804,1622728096.4546757,1622728096.6098313,1622728096.6444237,1622728096.7287977,1622728096.8699224,1622728096.9669394,1622728097.790413,1622728097.9094987,IVAN
1622728098.421921,1622728098.5349736,1622728098.535974,1622728098.6260083,1622728098.739401,1622728098.8374016,1622728098.9144132,1622728099.0135183,1622728099.1392176,1622728099.2244022,1622728099.4846249,1622728099.5617886,1622728099.9553006,1622728100.0466194,1622728100.1447372,1622728100.292799,1622728100.3907578,1622728100.496571,1622728100.7006195,1622728100.7918239,1622728100.9677513,1622728101.0936062,IVAN
1622728101.5227675,1622728101.6277494,1622728101.6497295,1622728101.7407672,1622728101.8034291,1622728101.8887987,1622728101.9517078,1622728102.04286,1622728102.204433,1622728102.294866,1622728102.6967561,1622728102.7664337,1622728103.1606226,1622728103.2376595,1622728103.2867334,1622728103.413745,1622728103.4695795,1622728103.5606847,1622728103.7156966,1622728103.7924175,1622728103.9687462,1622728104.0819259,IVAN
1622728104.4604104,1622728104.559437,1622728104.6015873,1622728104.6784315,1622728104.7915566,1622728104.8614254,1622728104.952839,1622728105.0444376,1622728105.2694592,1622728105.3536613,1622728106.0357358,1622728106.1124268,1622728106.4646528,1622728106.555441,1622728106.6115704,1622728106.7597594,1622728106.787744,1622728106.878563,1622728107.0547488,1622728107.145415,1622728107.3005333,1622728107.4054418,IVAN
1622728112.8327177,1622728112.930735,1622728113.057448,1622728113.1417086,1622728113.2686434,1622728113.3524482,1622728113.4295998,1622728113.5218668,1622728113.7745976,1622728113.8583643,1622728114.1258643,1622728114.2036576,1622728114.6034534,1622728114.6949668,1622728114.7728357,1622728114.905626,1622728114.905626,1622728114.976642,1622728115.1587543,1622728115.2507677,1622728115.426737,1622728115.5244553,IVAN
1622728116.4175918,1622728116.5084753,1622728117.127729,1622728117.1837883,1622728117.267755,1622728117.3598826,1622728117.3875577,1622728117.4857838,1622728117.682624,1622728117.766459,1622728117.9354594,1622728117.9987395,1622728118.3574598,1622728118.4346144,1622728118.5618093,1622728118.694912,1622728118.71546,1622728118.8074605,1622728118.9758077,1622728119.0608394,1622728119.2004611,1622728119.3276286,IVAN
1622728120.2626076,1622728120.3608093,1622728120.3885813,1622728120.480463,1622728120.5647826,1622728120.6484637,1622728120.6694815,1622728120.7756395,1622728120.8947687,1622728120.9797323,1622728121.1477404,1622728121.2258506,1622728121.5417652,1622728121.6321023,1622728121.7596757,1622728121.8857985,1622728122.1528113,1622728122.2516427,1622728122.4344208,1622728122.518798,1622728122.6239235,1622728122.729467,IVAN
1622728123.5726337,1622728123.657657,1622728123.7698169,1622728123.8529246,1622728123.9527597,1622728124.0296774,1622728124.071469,1622728124.1708367,1622728124.3174703,1622728124.4096067,1622728124.6977634,1622728124.7678993,1622728125.1057708,1622728125.1966631,1622728125.3728154,1622728125.5194716,1622728125.6397917,1622728125.7307997,1622728125.8857858,1622728125.98378,1622728126.1238353,1622728126.2296796,IVAN
1622728126.8629622,1622728126.9606426,1622728127.0104475,1622728127.1088014,1622728127.1927946,1622728127.2847934,1622728127.347489,1622728127.4526384,1622728127.6007288,1622728127.6849308,1622728127.881472,1622728127.9524722,1622728128.3247752,1622728128.429678,1622728128.640661,1622728128.767796,1622728128.8234732,1622728128.9074807,1622728129.0690427,1622728129.153681,1622728129.3368044,1622728129.4424782,IVAN
1622728136.3447123,1622728136.4508731,1622728136.5697923,1622728136.6606405,1622728136.752809,1622728136.8437831,1622728136.8788195,1622728136.970913,1622728137.159487,1622728137.237678,1622728137.4066138,1622728137.4834912,1622728137.9197168,1622728138.010846,1622728138.1377854,1622728138.2774851,1622728138.235663,1622728138.3197584,1622728138.5098155,1622728138.6086223,1622728139.2964604,1622728139.4024944,IVAN
1622728233.2390327,1622728233.3438342,1622728233.4147575,1622728233.5128307,1622728233.639933,1622728233.7451265,1622728233.8007615,1622728233.885984,1622728234.3136506,1622728234.391985,1622728235.9026597,1622728235.9658177,1622728236.380654,1622728236.4716513,1622728236.5208075,1622728236.6478238,1622728236.7388403,1622728236.8309793,1622728237.0346553,1622728237.1325674,1622728237.3716526,1622728237.5048416,IVAN
1622728238.0120182,1622728238.1094038,1622728238.1518347,1622728238.244034,1622728238.383813,1622728238.460821,1622728238.5247884,1622728238.6090527,1622728238.826663,1622728238.903755,1622728239.1426587,1622728239.213803,1622728239.5649526,1622728239.6488404,1622728239.6849105,1622728239.8176622,1622728239.8809102,1622728239.9729214,1622728240.1336606,1622728240.225657,1622728240.3656611,1622728240.478158,IVAN
1622728241.2870364,1622728241.3788285,1622728241.4556625,1622728241.554055,1622728241.638963,1622728241.722663,1622728241.7716632,1622728241.878029,1622728242.0109465,1622728242.0888047,1622728242.320679,1622728242.3840024,1622728242.8759701,1622728242.9668546,1622728243.0223894,1622728243.150158,1622728243.184926,1622728243.275925,1622728243.452,1622728243.5366628,1622728243.6770546,1622728243.8109736,IVAN
1622728244.2960234,1622728244.4009943,1622728244.442664,1622728244.5348628,1622728244.6049402,1622728244.7029998,1622728244.7737896,1622728244.8719823,1622728245.0268347,1622728245.097007,1622728245.3356657,1622728245.4059725,1622728245.771659,1622728245.8416705,1622728245.8910692,1622728246.0318563,1622728246.0328298,1622728246.1089146,1622728246.284984,1622728246.3619256,1622728246.502961,1622728246.621953,IVAN
1622728247.1780264,1622728247.2827792,1622728247.3319137,1622728247.4166725,1622728247.5079937,1622728247.5988312,1622728247.6209104,1622728247.7330077,1622728247.851784,1622728247.9230607,1622728248.196857,1622728248.252648,1622728248.5688298,1622728248.6540084,1622728248.7099993,1622728248.8440282,1622728248.8719828,1622728248.9558682,1622728249.117675,1622728249.208867,1622728249.427128,1622728249.538676,IVAN
1622728250.017029,1622728250.1231115,1622728250.171865,1622728250.2628818,1622728250.3476772,1622728250.439082,1622728250.4665365,1622728250.5731738,1622728250.7059498,1622728250.7908063,1622728251.015994,1622728251.078893,1622728251.4578738,1622728251.5431676,1622728251.619039,1622728251.7470186,1622728251.7742314,1622728251.8659992,1622728252.0626657,1622728252.1610503,1622728252.336835,1622728252.463393,IVAN
1622728252.8428173,1622728252.942006,1622728253.3277004,1622728253.4270208,1622728253.5176752,1622728253.6226954,1622728253.6236975,1622728253.729009,1622728253.9188228,1622728253.9958909,1622728254.2135332,1622728254.2904193,1622728254.6218114,1622728254.7060804,1622728254.7760532,1622728254.9236796,1622728254.9588056,1622728255.0639832,1622728255.584872,1622728255.6616805,1622728255.9078357,1622728256.0126865,IVAN
1622728256.7581153,1622728256.8571768,1622728256.9829578,1622728257.0536947,1622728257.2218053,1622728257.2996626,1622728257.3280106,1622728257.4329665,1622728257.545689,1622728257.6230085,1622728257.8125825,1622728257.8760438,1622728258.234892,1622728258.3188322,1622728258.3746905,1622728258.5091212,1622728258.5440497,1622728258.6349878,1622728258.8246927,1622728258.9297166,1622728259.12002,1622728259.2329051,IVAN
1622728259.6550167,1622728259.7458925,1622728259.7808747,1622728259.879036,1622728259.970693,1622728260.0546672,1622728260.1176674,1622728260.2097447,1622728260.3860357,1622728260.455698,1622728260.6668954,1622728260.7226534,1622728261.102682,1622728261.1871128,1622728261.2428513,1622728261.3560421,1622728261.4398875,1622728261.5310495,1622728261.7069306,1622728261.7837663,1622728261.9600437,1622728262.0587788,IVAN
1622728262.5998762,1622728262.6981778,1622728262.712188,1622728262.804307,1622728262.9089751,1622728262.9856722,1622728263.063743,1622728263.148093,1622728263.3029363,1622728263.3796957,1622728263.5558357,1622728263.6120284,1622728263.9488823,1622728264.040999,1622728264.1318235,1622728264.2519581,1622728264.2726946,1622728264.3639333,1622728264.5188274,1622728264.6101043,1622728264.7436914,1622728264.8559434,IVAN
1622728269.811706,1622728269.9098036,1622728270.0580149,1622728270.1421516,1622728270.2759006,1622728270.3669238,1622728270.4298453,1622728270.529036,1622728270.697012,1622728270.7817075,1622728271.0070097,1622728271.0770762,1622728271.4419968,1622728271.5131059,1622728271.5690577,1622728271.716686,1622728271.7307103,1622728271.8151374,1622728271.998017,1622728272.096013,1622728272.2790341,1622728272.4050627,IVAN
1622728272.8058758,1622728272.90489,1622728272.939392,1622728273.0308588,1622728273.1078632,1622728273.1930485,1622728273.2137158,1622728273.3332965,1622728273.4879885,1622728273.5578523,1622728273.775936,1622728273.8390224,1622728274.191041,1622728274.2750447,1622728274.3742251,1622728274.5277116,1622728274.5418675,1622728274.6408923,1622728274.8380597,1622728274.9357178,1622728275.139896,1622728275.2517183,IVAN
1622728275.6317885,1622728275.722738,1622728275.7937195,1622728275.9061422,1622728275.9823885,1622728276.07472,1622728276.1028888,1622728276.2150803,1622728276.3910656,1622728276.4822078,1622728276.6860976,1622728276.7710025,1622728277.149722,1622728277.2487216,1622728277.43806,1622728277.5719316,1622728277.6281369,1622728277.7267292,1622728277.8879652,1622728277.97989,1622728278.5210981,1622728278.6260352,IVAN
1622728279.813975,1622728279.9128025,1622728280.0033674,1622728280.0943882,1622728280.2004118,1622728280.2848735,1622728280.3629882,1622728280.4537146,1622728280.6158712,1622728280.706798,1622728280.9459817,1622728281.0230408,1622728281.353929,1622728281.4377284,1622728281.494026,1622728281.6210723,1622728281.6488326,1622728281.747086,1622728281.9230337,1622728282.0210865,1622728282.2317297,1622728282.35873,IVAN
1622728282.8512065,1622728282.9483802,1622728283.0049975,1622728283.0967314,1622728283.1737049,1622728283.2580464,1622728283.3150623,1622728283.4197319,1622728283.568017,1622728283.645193,1622728283.8490324,1622728283.925905,1622728284.1998603,1622728284.2920187,1622728284.3761415,1622728284.509734,1622728284.5106974,1622728284.6007314,1622728284.7697341,1622728284.8750331,1622728284.9741354,1622728285.0649025,IVAN
